timestamp,target,open_price,high_price,low_price,volume,price_change,daily_range,sma_7,sma_30,rsi
2023-11-08,278.15,273.64,278.35,273.28,58032670,,5.07000000000005,,,
2023-11-09,276.65,278.6,278.85,276.02,28430630,-1.5,2.830000000000041,,,
2023-11-10,280.19,276.99,281.3,276.6,44643290,3.5400000000000205,4.699999999999989,,,
2023-11-13,283.97,280.4,284.8,280.32,45887770,3.7800000000000296,4.480000000000018,,,
2023-11-14,280.87,283.7,283.88,280.54,40484810,-3.1000000000000227,3.339999999999975,,,
2023-11-15,282.89,280.87,283.93,278.51,41837690,2.019999999999982,5.420000000000016,,,
2023-11-16,279.7,282.4,283.69,279.56,24696600,-3.1899999999999977,4.1299999999999955,280.3457142857143,,
2023-11-17,281.6,279.7,282.5,278.66,31322320,1.900000000000034,3.839999999999975,280.8385714285714,,
2023-11-20,282.91,281.96,284.2,281.61,25291010,1.3100000000000023,2.589999999999975,281.73285714285714,,
2023-11-21,282.79,282.3,283.82,281.66,19099390,-0.12000000000000455,2.159999999999968,282.1042857142857,,
2023-11-22,286.16,283.12,286.67,282.85,47296890,3.3700000000000045,3.819999999999993,282.4171428571429,,
2023-11-23,286.19,286.16,287.77,285.04,27724080,0.029999999999972715,2.7299999999999613,283.1771428571429,,
2023-11-24,286.85,286.49,287.5,285.11,26067870,0.660000000000025,2.3899999999999864,283.74285714285713,,
2023-11-27,282.33,287.4,289.0,278.88,79146090,-4.520000000000039,10.120000000000005,284.11857142857144,,57.196969696969674
2023-11-28,279.91,282.4,282.51,277.32,45507410,-2.419999999999959,5.189999999999998,283.87714285714287,,52.79720279720286
2023-11-29,276.8,279.36,280.56,276.2,29820830,-3.1100000000000136,4.360000000000014,283.0042857142857,,50.226791654067185
2023-11-30,277.5,276.7,278.65,272.75,55873540,0.6999999999999886,5.899999999999977,282.24857142857144,,45.550777373470076
2023-12-01,273.97,277.0,277.98,273.55,31660970,-3.5299999999999727,4.430000000000007,280.50714285714287,,33.32221480987326
2023-12-04,270.96,273.6,274.95,270.52,37700740,-3.0100000000000477,4.430000000000007,278.3314285714286,,33.422549347607884
2023-12-05,279.62,271.98,279.65,270.54,46892570,8.660000000000025,9.109999999999957,277.29857142857145,,45.524226663016734
2023-12-06,267.58,279.92,280.79,266.83,100020030,-12.04000000000002,13.960000000000036,275.1914285714286,,36.64609960334951
2023-12-07,265.12,267.62,270.44,263.06,63564530,-2.4599999999999795,7.3799999999999955,273.0785714285714,,32.06356116673922
2023-12-08,265.16,266.0,268.23,263.72,35364310,0.040000000000020464,4.509999999999991,271.4157142857143,,30.132079695545144
2023-12-11,256.89,265.17,266.47,254.81,77668070,-8.270000000000039,11.660000000000025,268.4714285714286,,25.482771677394936
2023-12-12,257.6,256.79,262.88,255.05,63932170,0.7100000000000364,7.829999999999984,266.1328571428572,,21.531100478468986
2023-12-13,260.45,257.6,261.39,256.5,29836400,2.849999999999966,4.889999999999986,264.63142857142856,,25.70781426953573
2023-12-14,256.64,261.4,262.75,255.58,40549660,-3.8100000000000023,7.1699999999999875,261.34857142857146,,23.089257081774477
2023-12-15,268.21,256.6,268.91,256.6,84668740,11.569999999999993,12.310000000000002,261.43857142857144,,38.82557771446661
2023-12-18,268.4,268.93,270.44,266.54,51602470,0.18999999999999773,3.8999999999999773,261.90714285714284,,40.55783429040194
2023-12-19,267.35,268.38,269.71,265.0,38287810,-1.0499999999999545,4.7099999999999795,262.21999999999997,274.7803333333333,41.976566479877754
2023-12-20,266.61,267.51,269.1,266.2,31094000,-0.7400000000000091,2.900000000000034,263.60857142857145,274.39566666666667,40.76022399456985
2023-12-21,265.19,266.4,266.87,263.5,33301420,-1.420000000000016,3.3700000000000045,264.6928571428571,274.01366666666667,42.27384723688841
2023-12-22,271.3,266.06,271.9,265.37,58724860,6.110000000000014,6.529999999999973,266.24285714285713,273.71733333333333,50.28371161548735
2023-12-25,271.08,271.72,273.85,270.05,38115690,-0.22000000000002728,3.8000000000000114,268.3057142857143,273.28766666666667,41.7055167055167
2023-12-26,271.9,271.0,272.89,270.0,22658320,0.8199999999999932,2.8899999999999864,268.8328571428571,272.9886666666667,55.36512667660207
2023-12-27,271.08,271.9,272.59,270.85,17214050,-0.8199999999999932,1.7399999999999523,269.2157142857142,272.59499999999997,57.71620921802171
2023-12-28,271.74,270.92,272.48,268.52,29439730,0.660000000000025,3.9600000000000364,269.84285714285716,272.3296666666667,58.38430173292555
2023-12-29,270.82,272.19,272.59,270.55,20810540,-0.9200000000000159,2.0399999999999636,270.4442857142857,271.9703333333334,71.84070241455
2024-01-03,274.56,271.9,274.7,271.0,20586020,3.740000000000009,3.6999999999999886,271.78285714285715,271.692,74.28407789232529
2024-01-04,274.12,274.67,275.48,273.7,11729380,-0.4399999999999977,1.7800000000000296,272.18571428571425,271.403,71.02430021531836
2024-01-05,273.62,274.3,274.69,272.8,9635550,-0.5,1.8899999999999864,272.5485714285714,270.985,79.07534246575341
2024-01-08,276.76,273.6,277.0,273.53,21489440,3.1399999999999864,3.4700000000000273,273.24285714285713,270.6706666666667,70.58257101588829
2024-01-09,275.28,276.97,278.0,274.71,20316030,-1.4800000000000182,3.2900000000000205,273.8428571428571,270.285,65.59383499546686
2024-01-10,274.49,275.3,276.16,273.64,20660410,-0.7899999999999636,2.5200000000000387,274.23571428571427,270.02366666666666,66.37614678899075
2024-01-11,275.71,274.78,275.97,274.01,19526030,1.2199999999999704,1.9600000000000364,274.9342857142857,269.88366666666667,70.42190305206452
2024-01-12,275.84,276.0,276.96,274.77,17702040,0.12999999999999545,2.1899999999999977,275.1171428571428,269.8516666666667,75.36922343973315
2024-01-15,275.96,276.45,277.73,275.21,21397690,0.12000000000000455,2.5200000000000387,275.38,269.80033333333336,65.53333333333322
2024-01-16,276.01,276.22,276.45,274.1,16110240,0.05000000000001137,2.349999999999966,275.7214285714286,269.8683333333333,66.62171274443699
2024-01-17,278.0,276.02,279.17,275.75,34256680,1.990000000000009,3.420000000000016,275.8985714285714,270.10299999999995,69.06250000000007
2024-01-18,277.07,278.24,278.87,276.76,17701680,-0.9300000000000068,2.1100000000000136,276.1542857142857,270.018,68.59093730602112
2024-01-19,274.86,277.39,277.47,273.55,28052580,-2.2099999999999795,3.920000000000016,276.20714285714286,270.2606666666667,58.833522083805235
2024-01-22,274.93,274.86,275.9,273.85,15086860,0.06999999999999318,2.0499999999999545,276.0957142857143,270.5876666666667,62.22486615110062
2024-01-23,275.9,274.7,277.26,274.31,20092540,0.9699999999999704,2.9499999999999886,276.1042857142857,270.9456666666667,54.772079772079714
2024-01-24,273.77,275.9,276.44,273.7,20203730,-2.1299999999999955,2.740000000000009,275.7914285714286,271.5083333333333,48.887476160203356
2024-01-25,272.81,274.0,274.18,271.55,24436130,-0.9599999999999795,2.6299999999999955,275.3342857142857,272.01533333333333,47.49845583693636
2024-01-26,272.65,273.1,273.72,272.21,11131250,-0.160000000000025,1.5100000000000477,274.57,272.42199999999997,34.44360333080985
2024-01-29,274.05,273.02,274.95,272.7,17095190,1.400000000000034,2.25,274.1385714285714,273.0023333333333,45.31607006854545
2024-01-30,275.67,274.01,277.25,273.97,27236150,1.6200000000000045,3.2799999999999727,274.25428571428574,273.25100000000003,54.22636103151865
2024-01-31,276.0,275.84,276.45,275.0,12543740,0.3299999999999841,1.4499999999999886,274.40714285714284,273.5043333333333,51.109410864575445
2024-02-01,276.86,276.03,277.75,275.93,15976730,0.8600000000000136,1.8199999999999932,274.5442857142857,273.8213333333333,53.69565217391318
2024-02-02,276.74,277.0,277.3,276.0,12718190,-0.12000000000000455,1.3000000000000114,274.9685714285714,274.159,52.82608695652184
2024-02-05,277.84,277.0,278.57,276.9,16056990,1.099999999999966,1.670000000000016,275.6871428571429,274.5806666666667,56.16161616161613
2024-02-06,278.67,278.0,278.99,277.3,15960270,0.8300000000000409,1.6899999999999977,276.54714285714283,274.8263333333333,52.447041636230885
2024-02-07,284.41,278.82,284.5,278.81,45372390,5.740000000000009,5.689999999999998,278.02714285714285,275.2706666666666,69.83783783783792
2024-02-08,282.17,284.52,286.24,281.25,44132450,-2.240000000000009,4.990000000000009,278.9557142857143,275.613,69.7247706422018
2024-02-09,283.5,282.17,284.0,281.5,24378920,1.329999999999984,2.5,280.02714285714285,276.027,71.65234967155125
2024-02-12,287.28,283.66,287.84,283.5,33890070,3.7799999999999727,4.339999999999975,281.5157142857143,276.545,75.17699115044243
2024-02-13,287.07,287.52,289.0,285.4,33307500,-0.20999999999997954,3.6000000000000227,282.99142857142857,277.0866666666667,82.15667311411994
2024-02-14,289.06,287.07,290.6,286.84,35874260,1.990000000000009,3.7600000000000477,284.5942857142857,277.57,87.42514970059874
2024-02-15,290.24,289.3,290.45,287.63,25912290,1.1800000000000068,2.819999999999993,286.2471428571429,278.1073333333333,88.69335679718438
2024-02-16,288.33,290.47,292.3,286.25,53446950,-1.910000000000025,6.050000000000011,286.8071428571428,278.59766666666667,80.72289156626499
2024-02-19,288.93,288.51,289.98,287.07,24327480,0.6000000000000227,2.910000000000025,287.77285714285716,279.0033333333333,79.83798379837978
2024-02-20,283.9,289.2,289.28,283.29,44972610,-5.03000000000003,5.989999999999952,287.83,279.29066666666665,64.67310549777109
2024-02-21,282.0,283.9,285.28,280.2,48915360,-1.8999999999999773,5.079999999999984,287.0757142857143,279.541,59.19170243204574
2024-02-22,284.77,282.1,285.05,282.1,25175120,2.769999999999982,2.9499999999999886,286.7471428571429,279.84299999999996,63.11662855276048
2024-02-26,291.25,288.52,291.3,287.0,42969530,6.480000000000018,4.300000000000011,287.06,280.3566666666666,68.63017504862462
2024-02-27,292.52,291.35,293.0,290.55,32504830,1.2699999999999818,2.4499999999999886,287.38571428571424,280.90866666666665,69.00905846829531
2024-02-28,291.75,292.6,293.95,289.75,49330680,-0.7699999999999818,4.199999999999989,287.8742857142857,281.43333333333334,61.66560712015254
2024-02-29,292.19,292.31,293.2,291.3,22436940,0.4399999999999977,1.8999999999999773,288.34,281.90633333333335,66.89143627781522
2024-03-01,295.38,292.2,295.88,292.2,27129280,3.1899999999999977,3.680000000000007,289.98,282.51666666666665,68.84517766497461
2024-03-04,299.17,295.87,299.5,295.8,40609910,3.7900000000000205,3.6999999999999886,292.4328571428572,283.327,68.85505867427852
2024-03-05,298.4,299.33,300.41,297.57,41756340,-0.7700000000000387,2.840000000000032,294.38,284.1093333333334,67.65347460267989
2024-03-06,297.71,298.2,299.33,296.82,17756170,-0.6899999999999977,2.509999999999991,295.30285714285714,284.8363333333333,64.0467684313088
2024-03-07,300.4,297.72,300.58,297.24,21982790,2.6899999999999977,3.339999999999975,296.42857142857144,285.72400000000005,65.72755417956648
2024-03-11,299.79,301.0,302.95,298.5,41781940,-0.6099999999999568,4.449999999999989,297.57714285714286,286.6233333333333,68.48387096774199
2024-03-12,300.9,299.6,301.07,297.34,28743980,1.1099999999999568,3.730000000000018,298.82142857142856,287.56499999999994,68.99397016820056
2024-03-13,298.85,301.2,301.49,298.7,24012100,-2.0499999999999545,2.7900000000000205,299.3171428571428,288.39166666666665,76.20049071153193
2024-03-14,295.83,298.5,298.7,295.14,42205930,-3.0200000000000387,3.5600000000000023,298.84,289.0636666666667,73.32209106239463
2024-03-15,298.3,295.71,299.44,295.29,26040280,2.4700000000000273,4.149999999999977,298.82571428571424,289.807,73.0494037478706
2024-03-18,298.87,299.4,299.98,297.63,20281860,0.5699999999999932,2.3500000000000227,298.99142857142857,290.54066666666665,66.25426621160415
2024-03-19,295.2,298.3,299.4,294.21,59714940,-3.670000000000016,5.189999999999998,298.24857142857144,291.156,55.185758513931916
2024-03-20,295.4,295.3,296.88,293.52,30703230,0.19999999999998863,3.3600000000000136,297.62142857142857,291.74133333333333,57.222002374356904
2024-03-21,295.62,295.99,297.3,291.8,70680800,0.22000000000002728,5.5,296.8671428571429,292.3063333333333,56.84630738522955
2024-03-22,292.99,295.77,296.79,291.05,48982100,-2.6299999999999955,5.740000000000009,296.03000000000003,292.59233333333333,45.12045732952228
2024-03-25,293.9,294.0,294.93,292.13,25567820,0.9099999999999682,2.8000000000000114,295.7542857142857,292.98333333333335,37.80657103192954
2024-03-26,294.11,294.5,295.82,293.04,16295560,0.21000000000003638,2.7799999999999727,295.1557142857143,293.33700000000005,39.809976247030946
2024-03-27,295.1,294.47,295.11,293.47,14560090,0.9900000000000091,1.6399999999999864,294.6171428571429,293.5976666666666,43.88758782201414
2024-03-28,299.0,295.5,299.3,295.5,33675160,3.8999999999999773,3.8000000000000114,295.15999999999997,293.9953333333333,46.89716312056741
2024-03-29,298.72,299.38,299.5,298.0,17705950,-0.2799999999999727,1.5,295.63428571428574,294.31733333333335,47.59334233018445
2024-04-01,300.43,300.0,301.65,299.5,28662870,1.7099999999999795,2.1499999999999773,296.32142857142856,294.65700000000004,48.97065265002196
2024-04-02,300.38,300.43,300.99,298.95,19980460,-0.05000000000001137,2.0400000000000205,297.3771428571429,295.0586666666667,53.67258761401817
2024-04-03,306.72,300.4,307.13,300.17,58228980,6.340000000000032,6.9599999999999795,299.2085714285714,295.65166666666664,72.54658385093174
2024-04-04,304.61,306.8,307.77,304.36,29074900,-2.1100000000000136,3.409999999999968,300.7085714285714,296.342,63.261874737284565
2024-04-05,306.1,304.62,306.5,303.7,19355990,1.490000000000009,2.8000000000000114,302.28000000000003,297.1453333333333,64.62970457304738
2024-04-08,307.75,306.5,308.6,306.22,24899610,1.6499999999999773,2.3799999999999955,303.53000000000003,297.91133333333335,77.65535478184225
2024-04-09,306.76,308.1,309.35,305.51,32044440,-0.9900000000000091,3.840000000000032,304.67857142857144,298.42833333333334,74.19080068143101
2024-04-10,306.48,306.76,307.14,304.62,20682180,-0.2799999999999727,2.519999999999982,305.54285714285714,298.89366666666666,73.06711979609182
2024-04-11,306.95,306.7,308.0,305.7,20527000,0.46999999999997044,2.3000000000000114,306.4814285714286,299.4003333333333,82.64733395696918
2024-04-12,307.1,307.4,307.87,306.3,16025300,0.1500000000000341,1.5699999999999932,306.5357142857143,299.89733333333334,82.00775945683813
2024-04-15,307.99,307.47,308.39,306.64,20746510,0.8899999999999864,1.75,307.0185714285714,300.3176666666667,82.58215962441321
2024-04-16,308.29,308.0,308.65,307.0,17135850,0.30000000000001137,1.6499999999999773,307.3314285714286,300.62166666666667,81.99902959728294
2024-04-17,306.59,308.65,309.74,305.91,28227330,-1.7000000000000455,3.829999999999984,307.1657142857143,300.8946666666667,70.6137968495382
2024-04-18,307.99,306.01,308.29,305.05,20387560,1.400000000000034,3.240000000000009,307.34142857142854,301.23733333333337,73.73271889400905
2024-04-19,307.38,308.0,308.38,306.8,14578320,-0.6100000000000136,1.579999999999984,307.46999999999997,301.47,68.85512750949523
2024-04-22,314.99,308.0,315.0,307.38,69006740,7.610000000000014,7.6200000000000045,308.61857142857144,301.9766666666667,78.10696421700644
2024-04-23,307.39,315.39,315.79,306.26,92863630,-7.600000000000023,9.53000000000003,308.65999999999997,302.19300000000004,51.22935779816506
2024-04-24,307.94,307.5,309.79,306.65,26557490,0.5500000000000114,3.140000000000043,308.65285714285716,302.49600000000004,56.48112105877767
2024-04-25,308.41,307.95,309.07,307.45,15946760,0.4700000000000273,1.6200000000000045,308.67,302.91533333333336,54.6817997567896
2024-04-26,309.0,308.5,309.9,308.0,21146360,0.589999999999975,1.8999999999999773,309.0142857142857,303.272,52.64718339686572
2024-04-27,308.98,309.25,309.99,308.7,13111060,-0.01999999999998181,1.2900000000000205,309.1557142857143,303.60900000000004,54.90282685512371
2024-04-29,308.97,309.14,309.6,307.65,10025690,-0.009999999999990905,1.9500000000000455,309.3828571428572,304.068,55.56548949485918
2024-04-30,308.24,309.19,309.49,308.03,5980690,-0.7300000000000182,1.4600000000000364,308.41857142857145,304.49600000000004,52.85019885108266
2024-05-02,307.37,308.7,309.19,306.8,16262520,-0.8700000000000045,2.3899999999999864,308.4157142857143,304.88766666666663,50.57815845824407
2024-05-03,307.53,307.11,308.29,304.34,30466990,0.15999999999996817,3.9500000000000455,308.35714285714283,305.37233333333336,48.98320070733857
2024-05-06,306.01,308.1,308.1,305.55,19203550,-1.5199999999999818,2.5500000000000114,308.0142857142857,305.776,45.21812080536908
2024-05-07,308.22,306.23,308.87,306.21,16616810,2.2100000000000364,2.660000000000025,307.90285714285716,306.2463333333333,53.347022587269095
2024-05-08,311.21,308.41,311.83,308.08,33881400,2.9899999999999523,3.75,308.2214285714286,306.78333333333336,56.20663068619887
2024-05-10,313.49,311.5,313.5,311.31,16715650,2.2800000000000296,2.1899999999999977,308.8671428571429,307.26633333333336,61.064831582759886
2024-05-13,314.85,314.1,315.7,314.04,21712460,1.3600000000000136,1.6599999999999682,309.8114285714286,307.804,49.67228464419479
2024-05-14,318.12,315.0,318.41,313.58,35247320,3.269999999999982,4.830000000000041,311.34714285714284,308.39366666666666,81.50322959483276
2024-05-15,319.7,318.2,320.16,317.7,28351820,1.579999999999984,2.4600000000000364,313.0857142857143,309.0376666666667,82.5581395348838
2024-05-16,322.91,320.0,322.91,320.0,27847220,3.2100000000000364,2.910000000000025,315.5,309.5773333333334,84.85576923076931
2024-05-17,323.16,322.96,323.5,320.02,24398590,0.25,3.480000000000018,317.63428571428574,310.1956666666667,84.60410557184761
2024-05-20,321.08,324.0,324.85,318.94,36736790,-2.080000000000041,5.910000000000025,319.0442857142857,310.695,76.86500888099455
2024-05-21,320.64,320.88,322.23,318.0,34019460,-0.4399999999999977,4.230000000000018,320.0657142857143,311.12466666666666,75.42483660130705
2024-05-22,322.93,320.8,323.1,320.8,18651840,2.2900000000000205,2.3000000000000114,321.21999999999997,311.66366666666664,79.96736026111785
2024-05-23,323.54,322.8,324.0,321.23,17865490,0.6100000000000136,2.769999999999982,321.9942857142857,312.2323333333333,83.34020618556697
2024-05-24,321.0,323.83,324.48,319.78,26594700,-2.5400000000000205,4.7000000000000455,322.18,312.7006666666666,75.2910251595944
2024-05-27,317.09,321.01,321.95,315.5,45712960,-3.910000000000025,6.449999999999989,321.34857142857146,313.03366666666665,69.09028256374901
2024-05-28,318.22,317.5,320.9,315.82,30187790,1.1300000000000523,5.079999999999984,320.64285714285717,313.37466666666666,67.8954903364351
2024-05-29,320.38,318.25,320.4,315.92,22989260,2.159999999999968,4.479999999999961,320.54285714285714,313.7776666666667,66.91257838435993
2024-05-30,316.63,320.91,321.55,316.0,27005390,-3.75,5.550000000000011,319.96999999999997,314.11233333333337,55.49335199440163
2024-05-31,313.11,316.0,318.49,309.8,49206450,-3.519999999999982,8.689999999999998,318.56714285714287,314.283,47.16981132075472
2024-06-03,310.95,313.5,315.5,305.0,61860770,-2.160000000000025,10.5,316.7685714285714,314.402,37.900776240297034
2024-06-04,316.49,310.98,316.5,308.8,33070240,5.5400000000000205,7.699999999999989,316.1242857142857,314.452,45.221792200059596
2024-06-05,314.72,316.63,318.28,313.85,27792110,-1.7699999999999818,4.42999999999995,315.7857142857143,314.6963333333333,37.262830482115156
2024-06-06,313.08,314.7,316.45,311.15,28328920,-1.6400000000000432,5.300000000000011,315.0514285714286,314.86766666666665,34.97316636851524
2024-06-07,319.9,313.8,320.64,312.73,44484260,6.819999999999993,7.909999999999968,314.98285714285714,315.2506666666667,48.45872518286311
2024-06-10,317.28,320.8,321.98,315.21,26344630,-2.6200000000000045,6.770000000000039,315.07571428571424,315.52666666666664,45.8477508650519
2024-06-11,317.8,317.5,319.84,315.88,20064950,0.5200000000000387,3.9599999999999795,315.7457142857143,315.8206666666667,43.37037994313779
2024-06-13,317.71,305.7,317.82,304.14,41281520,-0.09000000000003183,13.680000000000007,316.7114285714286,316.112,42.36311239193082
2024-06-14,319.35,317.8,320.7,316.2,21488970,1.6400000000000432,4.5,317.12,316.4823333333333,47.78642339683396
2024-06-17,317.65,320.0,320.45,316.85,15476190,-1.7000000000000455,3.599999999999966,317.5385714285714,316.825,50.798630918425566
2024-06-18,314.34,317.65,318.0,313.02,22024090,-3.3100000000000023,4.980000000000018,317.7185714285714,317.05199999999996,44.79054779806655
2024-06-19,310.7,314.38,314.78,307.51,42183660,-3.6399999999999864,7.269999999999982,316.4042857142857,317.2083333333333,37.50000000000006
2024-06-20,314.15,310.7,314.72,306.02,72789950,3.4499999999999886,8.700000000000045,315.95714285714286,317.406,46.77251431546069
2024-06-21,314.14,315.0,316.0,312.6,29116600,-0.009999999999990905,3.3999999999999773,315.4342857142857,317.5036666666667,51.47522199942705
2024-06-24,317.25,314.7,319.0,314.14,29607080,3.1100000000000136,4.860000000000014,315.36857142857144,317.62899999999996,58.78416062465139
2024-06-25,319.8,317.5,319.89,316.28,25978180,2.5500000000000114,3.6100000000000136,315.43285714285713,317.794,55.03498630970488
2024-06-26,324.55,320.1,324.56,319.8,42491110,4.75,4.759999999999991,316.4185714285714,318.0083333333333,63.70990237099014
2024-06-27,327.16,324.8,327.83,322.63,46771370,2.6100000000000136,5.199999999999989,318.25,318.25699999999995,69.12004345464419
2024-06-28,327.15,327.87,329.3,325.8,40451800,-0.010000000000047748,3.5,320.59999999999997,318.3983333333333,62.079306897700675
2024-07-01,327.1,327.64,329.0,326.25,31710510,-0.049999999999954525,2.75,322.45,318.5296666666666,67.89358600583088
2024-07-02,328.37,327.35,328.87,326.82,21155650,1.2699999999999818,2.0500000000000114,324.48285714285714,318.7726666666667,68.74778290173812
2024-07-03,328.2,328.58,330.45,327.0,32156700,-0.17000000000001592,3.4499999999999886,326.04714285714283,319.02466666666663,68.55323664662181
2024-07-04,324.66,328.39,329.57,323.81,40766110,-3.5399999999999636,5.759999999999991,326.74142857142857,319.08233333333334,58.80013258203513
2024-07-05,325.0,324.71,327.0,321.01,40433010,0.339999999999975,5.990000000000009,326.8057142857143,319.13100000000003,62.75598750433883
2024-07-08,324.07,325.76,327.44,323.74,27756900,-0.9300000000000068,3.6999999999999886,326.36428571428576,319.23333333333335,68.40711312902012
2024-07-09,319.99,324.3,325.33,317.5,54199810,-4.079999999999984,7.829999999999984,325.34142857142854,319.33000000000004,67.28693710457767
2024-07-10,316.68,319.0,320.3,314.3,88512550,-3.3100000000000023,6.0,323.8528571428572,319.27866666666665,54.7325102880659
2024-07-11,295.87,289.96,296.98,285.22,168030600,-20.810000000000002,11.759999999999991,319.21000000000004,318.4616666666667,30.780559646539047
2024-07-12,292.21,296.0,297.48,290.97,49999170,-3.660000000000025,6.509999999999991,314.06857142857143,317.6476666666666,23.960066555740397
2024-07-15,284.38,293.0,293.86,283.5,58737560,-7.829999999999984,10.360000000000014,308.3142857142857,316.69,16.810344827586164
2024-07-16,285.25,284.49,285.69,276.7,82870860,0.8700000000000045,8.990000000000009,302.63571428571424,315.8333333333333,10.286984640258638
2024-07-17,284.68,285.84,289.96,283.23,42824670,-0.5699999999999932,6.729999999999961,297.00857142857143,314.773,5.227655986509191
2024-07-18,289.83,284.68,289.99,282.73,34090360,5.149999999999977,7.259999999999991,292.7,313.9433333333334,14.511220996576554
2024-07-19,289.9,290.67,292.58,289.2,31022060,0.06999999999999318,3.3799999999999955,288.8742857142857,313.1706666666667,14.638783269961863
2024-07-22,294.71,291.0,294.95,291.0,33386610,4.810000000000002,3.9499999999999886,288.7085714285714,312.33099999999996,20.021375133594532
2024-07-23,294.39,295.47,295.48,293.36,22190840,-0.3199999999999932,2.1200000000000045,289.02,311.56800000000004,19.968022739385276
2024-07-24,295.69,294.39,296.67,293.2,24565710,1.3000000000000114,3.4700000000000273,290.63571428571424,310.83099999999996,23.200740055504113
2024-07-25,296.37,295.69,297.3,294.2,22868740,0.6800000000000068,3.1000000000000227,292.2242857142857,310.11966666666666,23.68082368082368
2024-07-26,293.3,296.4,300.0,292.67,84909830,-3.069999999999993,7.329999999999984,293.45571428571424,309.2513333333333,22.784362285512117
2024-07-29,286.58,293.0,293.0,286.0,52445850,-6.720000000000027,7.0,292.99142857142857,308.21566666666666,21.767787730268708
2024-07-30,290.0,286.5,291.99,284.32,42572480,3.420000000000016,7.670000000000016,293.0057142857143,307.4043333333333,27.496626180836714
2024-07-31,289.3,290.47,291.2,288.01,25974520,-0.6999999999999886,3.1899999999999977,292.23285714285714,306.691,41.613479703855
2024-08-01,287.21,289.87,290.69,287.04,18646450,-2.090000000000032,3.6499999999999773,291.20714285714286,305.79299999999995,43.351063829787236
2024-08-02,286.04,287.21,287.99,284.37,30086580,-1.169999999999959,3.6200000000000045,289.8285714285715,304.85633333333334,52.68261150614096
2024-08-05,275.49,282.79,283.46,275.17,82141460,-10.550000000000011,8.289999999999964,286.8457142857143,303.46433333333334,37.98621368783851
2024-08-06,279.4,277.01,281.16,276.35,43600150,3.909999999999968,4.810000000000002,284.86,302.1176666666667,43.99454049135574
2024-08-07,282.2,280.0,283.27,277.21,48494490,2.8000000000000114,6.060000000000002,284.2342857142857,300.706,40.831530881999534
2024-08-08,281.09,283.4,285.42,280.0,42425830,-1.1100000000000136,5.420000000000016,282.9614285714286,299.17033333333336,39.67174677608441
2024-08-09,281.44,281.0,282.67,279.62,22302730,0.35000000000002274,3.0500000000000114,281.8385714285714,297.64666666666665,32.62634197433887
2024-08-12,280.74,280.01,281.5,278.03,27767330,-0.6999999999999886,3.4700000000000273,280.9142857142857,296.1013333333333,32.304900181488264
2024-08-13,283.92,281.05,284.33,280.42,24058790,3.180000000000007,3.909999999999968,280.6114285714286,294.6196666666666,35.451174289246026
2024-08-14,280.32,284.3,284.7,280.12,21757040,-3.6000000000000227,4.579999999999984,281.3014285714286,293.0236666666667,31.496426100991485
2024-08-15,278.01,280.5,280.85,276.73,28665290,-2.3100000000000023,4.1200000000000045,281.10285714285715,291.46866666666665,32.058202299929604
2024-08-16,274.6,278.05,279.0,274.32,26195850,-3.409999999999968,4.680000000000007,280.01714285714286,289.78866666666664,34.758269720101836
2024-08-19,268.17,275.0,275.56,265.02,68626200,-6.430000000000007,10.54000000000002,278.1714285714286,287.92533333333336,24.202316237296174
2024-08-20,266.2,268.35,269.49,263.36,54276130,-1.9700000000000273,6.1299999999999955,275.9942857142857,286.1323333333333,23.49701698026618
2024-08-21,266.93,266.2,267.8,263.86,37127480,0.7300000000000182,3.9399999999999977,274.0214285714286,284.47400000000005,25.982946470866935
2024-08-22,261.6,266.93,268.5,260.15,47907530,-5.329999999999984,8.350000000000023,270.8328571428571,283.3316666666667,23.652436394997878
2024-08-23,259.5,261.61,262.8,255.56,76719180,-2.1000000000000227,7.240000000000009,267.85857142857145,282.2413333333334,28.92169786448723
2024-08-26,265.39,263.55,266.95,261.54,49974250,5.889999999999986,5.409999999999968,266.05571428571426,281.60833333333335,32.44800801804064
2024-08-27,260.5,265.83,266.07,259.82,32345170,-4.889999999999986,6.25,264.0414285714286,280.78333333333336,24.166666666666714
2024-08-28,262.47,259.9,262.47,254.99,47867970,1.9700000000000273,7.480000000000018,263.2271428571429,280.043,28.27811479234728
2024-08-29,260.31,262.58,264.19,258.36,34802250,-2.160000000000025,5.829999999999984,262.3857142857143,279.059,26.348779941795442
2024-08-30,254.45,260.5,261.8,254.0,46118490,-5.860000000000014,7.800000000000011,260.6028571428571,277.8773333333333,23.62030905077266
2024-09-02,244.31,254.03,254.2,242.65,97662430,-10.139999999999986,11.549999999999983,258.1328571428572,276.19733333333335,15.125902447614052
2024-09-03,244.04,244.4,250.0,240.01,105673360,-0.27000000000001023,9.990000000000009,255.92428571428573,274.519,16.068088290310556
2024-09-04,253.01,244.51,253.5,242.8,70652080,8.969999999999999,10.699999999999989,254.15571428571428,273.0963333333333,29.208250166334025
2024-09-05,252.82,255.0,258.17,251.11,78616830,-0.18999999999999773,7.060000000000002,253.05857142857144,271.6446666666667,30.86115992970123
2024-09-06,254.77,253.01,255.35,250.31,41336330,1.950000000000017,5.039999999999992,251.95857142857145,270.3603333333333,37.21861884776805
2024-09-09,263.31,256.32,263.45,255.3,66128940,8.539999999999992,8.149999999999977,252.38714285714286,269.5846666666667,47.55043227665707
2024-09-10,261.29,264.61,264.61,258.7,57937830,-2.019999999999982,5.910000000000025,253.36428571428573,268.62766666666664,45.32183145321832
2024-09-11,258.2,260.31,262.0,257.5,38293710,-3.090000000000032,4.5,255.34857142857143,267.591,47.070985527222575
2024-09-12,254.93,257.8,258.68,252.85,46358080,-3.269999999999982,5.8300000000000125,256.9042857142857,266.515,46.1408545853741
2024-09-13,258.25,255.19,259.92,248.75,111180360,3.319999999999993,11.170000000000016,257.65285714285716,265.58866666666665,43.6970338983051
2024-09-16,263.79,259.64,264.37,257.8,52643180,5.5400000000000205,6.569999999999993,259.21999999999997,265.19866666666667,52.8713562576366
2024-09-17,265.99,264.12,267.0,260.55,57565620,2.1999999999999886,6.449999999999989,260.8228571428572,264.75166666666667,53.0598052851182
2024-09-18,263.4,265.73,267.99,263.15,43376640,-2.590000000000032,4.840000000000032,260.8357142857143,264.125,52.66609145815355
2024-09-19,264.5,263.94,266.19,262.32,35683170,1.1000000000000227,3.8700000000000045,261.2942857142857,263.572,59.44726452340665
2024-09-20,269.08,264.52,269.21,264.5,38767000,4.579999999999984,4.7099999999999795,262.84857142857146,263.16,76.00251942053323
2024-09-23,273.17,269.3,273.8,269.3,49396850,4.090000000000032,4.5,265.45428571428573,262.90766666666667,78.30903790087461
2024-09-24,272.92,273.9,273.94,270.5,36984140,-0.25,3.4399999999999977,267.55,262.541,73.29744909899367
2024-09-25,267.8,272.92,273.8,267.3,43803870,-5.1200000000000045,6.5,268.12285714285713,262.1236666666667,65.71548468317246
2024-09-26,267.88,267.54,269.76,265.41,31888540,0.07999999999998408,4.349999999999966,268.39285714285717,261.786,64.3153526970954
2024-09-27,268.07,268.9,269.7,267.17,18889430,0.18999999999999773,2.5299999999999727,269.06,261.5683333333333,56.35683760683759
2024-09-30,268.49,269.26,272.33,268.14,42519740,0.4200000000000159,4.189999999999998,269.63,261.579,60.04464285714281
2024-10-01,266.29,267.6,268.68,264.0,52125800,-2.1999999999999886,4.680000000000007,269.2314285714286,261.582,61.573676680972845
2024-10-02,259.31,266.01,268.0,258.52,46519200,-6.980000000000018,9.480000000000018,267.25142857142856,261.32800000000003,55.66476978789444
2024-10-03,264.25,259.31,264.49,257.2,56534560,4.939999999999998,7.2900000000000205,266.0128571428571,261.41633333333334,57.44786494538231
2024-10-04,264.09,264.96,265.44,262.11,25992290,-0.160000000000025,3.329999999999984,265.48285714285714,261.5693333333333,50.42979942693403
2024-10-07,263.39,264.25,267.0,261.37,28940600,-0.6999999999999886,5.6299999999999955,264.84142857142854,261.50266666666664,46.1077844311377
2024-10-08,262.4,263.0,263.8,261.89,16163780,-0.9900000000000091,1.910000000000025,264.03142857142853,261.566,48.42767295597485
2024-10-09,260.86,262.42,263.8,259.59,25021350,-1.5399999999999636,4.210000000000036,262.94142857142856,261.51233333333334,44.35483870967744
2024-10-10,259.98,260.88,261.64,258.91,17677230,-0.8799999999999955,2.7299999999999613,262.04,261.5013333333333,34.05746320953055
2024-10-11,256.94,259.8,260.07,256.8,24848580,-3.0400000000000205,3.269999999999982,261.7014285714286,261.58433333333335,20.480174608948687
2024-10-14,261.28,256.15,263.91,254.1,64205680,4.339999999999975,9.81000000000003,261.27714285714285,262.15,31.570614312856165
2024-10-15,262.03,260.94,263.7,259.84,26247370,0.75,3.8600000000000136,260.98285714285714,262.74966666666666,39.397280411613295
2024-10-16,259.5,262.05,264.72,258.45,40206260,-2.5299999999999727,6.270000000000039,260.4271428571429,262.966,35.873229939312196
2024-10-17,256.57,259.5,260.45,256.03,24658790,-2.930000000000007,4.420000000000016,259.5942857142857,263.091,32.253086419753075
2024-10-18,257.19,256.21,258.9,254.41,30020250,0.6200000000000045,4.489999999999981,259.07,263.1716666666667,32.66871165644169
2024-10-21,258.21,257.3,259.85,256.78,21471680,1.0199999999999818,3.07000000000005,258.8171428571428,263.00166666666667,37.141947803946444
2024-10-22,255.42,258.1,258.8,255.25,17064680,-2.789999999999992,3.5500000000000114,258.59999999999997,262.806,42.85714285714281
2024-10-23,252.01,255.1,255.9,251.34,30420950,-3.4099999999999966,4.560000000000002,257.2757142857143,262.5996666666667,26.186770428015492
2024-10-24,252.64,252.01,254.27,250.25,28764370,0.6299999999999955,4.02000000000001,255.93428571428572,262.5233333333333,28.123805884600614
2024-10-25,246.35,252.72,255.35,245.7,80587930,-6.289999999999992,9.650000000000006,254.05571428571426,262.12666666666667,23.173803526448296
2024-10-28,242.56,245.02,249.0,241.61,71940990,-3.789999999999992,7.389999999999986,252.0542857142857,261.419,21.296296296296234
2024-10-29,242.66,243.2,244.6,239.88,47134580,0.09999999999999432,4.719999999999999,249.97857142857143,260.6413333333333,22.52415458937189
2024-10-30,241.45,242.7,246.22,241.11,39826840,-1.210000000000008,5.109999999999985,247.5842857142857,259.9096666666667,22.301943198804082
2024-10-31,237.9,241.4,242.8,236.23,57274130,-3.549999999999983,6.570000000000022,245.08142857142857,259.02299999999997,21.96702002355704
2024-11-01,238.03,237.9,239.1,234.57,48370770,0.12999999999999545,4.530000000000001,243.0842857142857,257.988,10.924369747899092
2024-11-02,238.97,237.9,240.0,237.71,14895450,0.9399999999999977,2.289999999999992,241.13142857142856,256.848,11.489645958583765
2024-11-05,239.23,239.6,241.2,238.07,28172270,0.2599999999999909,3.1299999999999955,240.1142857142857,255.725,13.3718829056739
2024-11-06,243.6,247.0,248.56,242.05,78965200,4.3700000000000045,6.509999999999991,240.26285714285717,254.91833333333335,27.72243215389895
2024-11-07,250.93,243.26,251.0,242.16,44425190,7.3300000000000125,8.840000000000003,241.4442857142857,254.35333333333335,41.26186487995533
2024-11-08,255.98,251.5,255.99,250.5,58086370,5.049999999999983,5.490000000000009,243.51999999999998,253.95033333333333,47.20200752823087
2024-11-11,260.73,257.99,261.3,256.49,67847940,4.750000000000028,4.810000000000002,246.78142857142856,253.69166666666666,56.35015546519976
2024-11-12,255.77,259.99,260.7,255.27,40926850,-4.960000000000008,5.429999999999978,249.31571428571428,253.34099999999998,54.3357933579336
2024-11-13,254.7,255.29,258.96,254.05,44540020,-1.0700000000000216,4.909999999999968,251.56285714285715,253.18733333333333,52.35159817351598
2024-11-14,249.52,254.26,255.92,248.6,49011750,-5.179999999999978,7.319999999999993,253.03285714285715,252.69633333333334,53.71281330522372
2024-11-15,253.43,249.31,254.43,248.05,44201700,3.9099999999999966,6.3799999999999955,254.43714285714287,252.34099999999998,62.69563186171456
2024-11-18,248.72,249.0,251.94,247.3,51559910,-4.710000000000008,4.639999999999986,254.1214285714286,251.85199999999998,56.389708983551245
2024-11-19,240.59,249.03,249.83,239.62,75474680,-8.129999999999995,10.210000000000008,251.92285714285714,251.125,49.20868605079133
2024-11-20,237.05,241.82,243.59,234.74,70349830,-3.539999999999992,8.849999999999994,248.54,250.33133333333333,49.21774341984172
2024-11-21,240.47,237.15,240.94,234.0,75143570,3.4199999999999875,6.939999999999998,246.3542857142857,249.681,52.117320374869834
2024-11-22,236.0,240.5,241.0,234.78,45621420,-4.469999999999999,6.219999999999999,243.68285714285713,248.98300000000003,47.5715453802126
2024-11-25,227.81,236.0,237.1,227.25,76469770,-8.189999999999998,9.849999999999994,240.58142857142857,247.8673333333333,41.73422119281993
2024-11-26,223.16,227.8,231.9,221.2,96795030,-4.650000000000006,10.700000000000017,236.25714285714284,246.57166666666666,35.26528258362168
2024-11-27,226.3,223.9,226.47,219.2,112457620,3.140000000000015,7.27000000000001,233.0542857142857,245.465,31.103268375019198
2024-11-28,228.56,227.0,229.5,222.48,67840700,2.259999999999991,7.02000000000001,231.33571428571426,244.53133333333335,28.021801859570388
2024-11-29,236.49,228.48,236.99,227.55,70303900,7.930000000000007,9.439999999999998,231.25571428571428,243.84133333333332,31.513117754728484
2024-12-02,235.17,237.02,238.7,234.32,45142250,-1.3200000000000216,4.3799999999999955,230.49857142857144,243.07333333333332,33.36563307493539
2024-12-03,230.8,235.29,235.97,230.26,45322870,-4.369999999999976,5.710000000000008,229.75571428571428,242.25266666666667,31.677399570683846
2024-12-04,224.55,231.0,233.79,224.3,72417390,-6.25,9.48999999999998,229.29000000000002,241.33733333333333,31.16608839945694
2024-12-05,233.48,224.57,233.75,222.82,86989140,8.929999999999978,10.930000000000007,230.7642857142857,240.69866666666667,36.011779554059714
2024-12-06,237.84,233.63,238.25,231.52,81096070,4.360000000000014,6.72999999999999,232.41285714285715,240.41500000000002,42.333709131905294
2024-12-09,237.29,239.29,240.51,236.75,52493640,-0.5500000000000114,3.759999999999991,233.66,240.23933333333335,47.39665509624486
2024-12-10,230.82,238.0,238.01,230.65,58740230,-6.469999999999999,7.359999999999985,232.85,239.84466666666668,45.30236766701853
2024-12-11,234.19,230.5,234.39,229.22,64914300,3.3700000000000045,5.1699999999999875,232.71,239.60266666666666,45.26109266525807
2024-12-12,229.02,234.0,235.95,228.52,59171170,-5.1699999999999875,7.429999999999978,232.4557142857143,239.30666666666667,44.78793309438472
2024-12-13,228.7,228.9,231.33,227.85,46124660,-0.3200000000000216,3.480000000000018,233.04857142857142,238.99566666666666,50.75308850905398
2024-12-16,225.53,228.62,229.05,224.38,54593280,-3.1699999999999875,4.670000000000016,231.91285714285715,238.5476666666667,52.056934559972234
2024-12-17,226.5,225.6,227.49,223.72,45885470,0.9699999999999989,3.7700000000000102,230.29285714285714,238.12333333333336,50.180375180375165
2024-12-18,230.15,226.72,230.8,224.33,58056480,3.6500000000000057,6.469999999999999,229.27285714285716,237.675,51.398909026922404
2024-12-19,229.0,230.16,234.99,227.71,124061370,-1.1500000000000057,7.280000000000001,229.01285714285717,236.944,42.51748251748251
2024-12-20,257.6,229.1,258.98,228.03,235186220,28.600000000000023,30.950000000000017,232.35714285714286,236.99800000000002,64.50278029225399
2024-12-23,264.9,260.0,270.0,256.51,163165650,7.2999999999999545,13.490000000000009,237.48285714285717,237.13700000000003,71.24345875903312
2024-12-24,264.34,264.94,266.79,261.02,83808660,-0.5600000000000023,5.770000000000039,242.5742857142857,237.4226666666667,76.67962987796699
2024-12-25,271.69,263.62,273.0,260.31,125539910,7.350000000000023,12.689999999999998,249.1685714285714,237.989,76.17481846828332
2024-12-26,269.56,272.0,274.25,269.1,75735270,-2.1299999999999955,5.149999999999977,255.32,238.657,72.41379310344827
2024-12-27,271.2,269.61,272.16,268.57,52144690,1.6399999999999864,3.590000000000032,261.1842857142857,239.24933333333334,73.59777313848295
2024-12-28,272.83,271.35,273.99,270.4,39585910,1.6299999999999955,3.590000000000032,267.44571428571425,240.053,81.34606775108192
2024-12-30,279.43,274.0,279.49,273.7,52633750,6.600000000000023,5.7900000000000205,270.5642857142857,241.34766666666667,82.20387243735763
2025-01-03,272.25,280.0,280.41,271.8,43086870,-7.180000000000007,8.610000000000014,271.6142857142857,242.52100000000002,79.91695501730102
2025-01-06,274.37,270.88,274.41,270.07,28454750,2.1200000000000045,4.340000000000032,273.04714285714283,243.65099999999998,80.83727211343688
2025-01-08,277.0,273.07,277.87,273.07,26634660,2.6299999999999955,4.800000000000011,273.80571428571426,245.01766666666666,85.00884233437627
2025-01-09,271.8,276.71,278.77,270.73,52952880,-5.199999999999989,8.039999999999964,274.12571428571425,246.484,79.13558013892462
2025-01-10,278.77,272.31,279.53,270.27,71154220,6.96999999999997,9.259999999999991,275.20714285714286,248.33766666666668,79.99013076733283
2025-01-13,279.8,280.62,284.75,278.6,66601710,1.0300000000000296,6.149999999999977,276.20285714285717,250.121,81.38127007659996
2025-01-14,279.85,279.84,282.36,277.41,46037150,0.05000000000001137,4.949999999999989,276.2628571428572,251.83066666666667,71.23496850543998
2025-01-15,282.77,280.0,282.82,276.06,52864450,2.919999999999959,6.759999999999991,277.7657142857143,253.37333333333333,68.61070610289524
2025-01-16,281.8,283.7,284.0,281.18,49453530,-0.9699999999999704,2.819999999999993,278.82714285714286,254.92766666666665,68.02973977695173
2025-01-17,283.53,282.2,284.64,280.19,51876150,1.7299999999999613,4.449999999999989,279.76,256.6853333333333,63.83177570093458
2025-01-20,278.19,285.1,286.23,277.61,67946640,-5.339999999999975,8.620000000000005,280.67285714285714,258.47333333333336,59.3783960008694
2025-01-21,281.85,279.39,281.85,276.32,40478260,3.660000000000025,5.53000000000003,281.11285714285714,260.08566666666667,61.0868207370394
2025-01-22,280.36,282.0,284.0,280.2,47106880,-1.490000000000009,3.8000000000000114,281.1928571428571,261.503,57.861766548339986
2025-01-23,280.49,280.79,280.79,277.35,38573410,0.12999999999999545,3.4399999999999977,281.2842857142857,262.943,51.279575084500244
2025-01-24,280.74,281.0,282.75,279.25,32155210,0.25,3.5,280.9942857142857,264.607,62.307915337779114
2025-01-27,275.23,280.72,280.97,275.01,39035610,-5.509999999999991,5.960000000000036,280.0557142857143,265.975,51.135163674762424
2025-01-28,278.35,275.25,279.26,274.01,39030820,3.1200000000000045,5.25,279.3157142857143,267.6193333333333,51.75918686473811
2025-01-29,280.36,278.0,282.18,277.12,39161630,2.009999999999991,5.060000000000002,279.6257142857143,269.34133333333335,62.16600341102904
2025-01-30,281.97,280.44,282.5,280.36,28020880,1.6100000000000136,2.1399999999999864,279.64285714285717,271.22266666666667,55.36552649228714
2025-01-31,280.73,281.97,284.11,280.27,40333120,-1.240000000000009,3.840000000000032,279.6957142857143,273.0303333333334,51.54845154845157
2025-02-03,279.55,280.21,280.35,278.0,30373760,-1.1800000000000068,2.3500000000000227,279.56142857142856,274.67699999999996,49.51861360718868
2025-02-04,277.4,279.55,281.41,275.7,23986670,-2.150000000000034,5.710000000000036,279.0842857142857,276.2903333333333,41.164856860809465
2025-02-05,282.88,277.3,283.89,275.34,43070410,5.480000000000018,8.550000000000011,280.1771428571429,277.133,51.54727793696273
2025-02-06,287.15,283.89,288.92,282.09,69363150,4.269999999999982,6.830000000000041,281.4342857142857,277.87466666666666,54.83440170940171
2025-02-07,285.81,287.66,288.9,285.08,27626070,-1.339999999999975,3.819999999999993,282.21285714285716,278.5903333333333,61.39354066985645
2025-02-10,289.94,287.61,294.55,287.61,73052590,4.1299999999999955,6.939999999999998,283.3514285714286,279.1986666666667,61.928634621055686
2025-02-11,294.06,290.35,294.1,289.3,56009830,4.1200000000000045,4.800000000000011,285.2557142857143,280.01533333333333,68.74657909140666
2025-02-12,314.0,294.3,314.4,291.3,185816680,19.939999999999998,23.099999999999966,290.1771428571429,281.442,79.73380656610469
2025-02-13,310.1,315.61,318.72,307.2,116925810,-3.8999999999999773,11.520000000000039,294.84857142857146,282.68433333333337,74.46666666666667
2025-02-14,309.87,315.59,317.84,303.06,126690930,-0.2300000000000182,14.779999999999973,298.70428571428573,283.69899999999996,81.6520467836257
2025-02-17,319.5,314.0,319.55,312.31,84827010,9.629999999999995,7.240000000000009,303.32571428571424,285.274,83.60280908051605
2025-02-18,312.95,319.99,320.92,310.21,85001770,-6.550000000000011,10.710000000000036,307.20285714285717,286.56000000000006,74.77573361715065
2025-02-19,315.91,313.53,317.25,311.01,50484340,2.9600000000000364,6.240000000000009,310.91285714285715,287.857,75.28307508939211
2025-02-20,315.05,315.91,317.96,314.02,33164900,-0.8600000000000136,3.9399999999999977,313.9114285714286,289.29866666666663,75.71171711117768
2025-02-21,314.74,315.48,316.69,312.0,32725520,-0.3100000000000023,4.689999999999998,314.01714285714286,290.4976666666666,76.71170487323513
2025-02-24,316.03,314.92,316.4,313.0,35730390,1.2899999999999636,3.3999999999999773,314.86428571428576,291.70533333333333,79.710813720966
2025-02-25,316.97,316.03,318.59,315.62,38826960,0.9400000000000546,2.9699999999999704,315.87857142857143,292.94266666666664,78.18753100711098
2025-02-26,310.22,316.97,317.45,308.31,73827020,-6.75,9.139999999999986,314.55285714285714,293.85766666666666,68.32406671961877
2025-02-27,307.1,310.22,312.45,305.43,60936490,-3.1200000000000045,7.019999999999982,313.71714285714285,294.701,66.44523404912715
2025-02-28,309.63,306.01,310.4,304.05,65681370,2.5299999999999727,6.349999999999966,312.82000000000005,295.57099999999997,65.59480437193092
2025-03-01,310.11,309.84,310.94,309.47,1138430,0.4800000000000182,1.4699999999999704,312.11428571428576,296.63500000000005,63.489662128088746
2025-03-02,307.44,309.5,309.63,306.8,1885110,-2.670000000000016,2.829999999999984,311.07142857142856,297.488,42.2311700615822
2025-03-03,305.5,306.45,307.92,300.2,66467290,-1.9399999999999977,7.720000000000027,309.56714285714287,298.32599999999996,44.28713363139592
2025-03-04,316.4,306.95,318.5,306.14,88130960,10.899999999999977,12.360000000000014,309.4857142857143,299.523,56.41075986648337
2025-03-05,313.56,316.4,318.3,313.0,57792400,-2.839999999999975,5.300000000000011,309.9628571428571,300.617,43.27140915269597
2025-03-06,315.18,313.6,317.43,313.57,31963110,1.6200000000000045,3.8600000000000136,311.1171428571429,301.9486666666667,52.84366233103802
2025-03-07,316.92,315.19,321.87,310.69,110871260,1.740000000000009,11.180000000000007,312.15857142857146,303.2343333333334,51.32929718346932
2025-03-10,317.57,316.98,320.63,316.37,39315360,0.6499999999999773,4.259999999999991,313.2242857142857,304.4746666666667,53.33509793541555
2025-03-11,319.69,317.7,321.98,315.57,64935150,2.1200000000000045,6.410000000000025,314.9742857142857,305.732,56.25157868148521
2025-03-12,318.39,319.99,320.9,315.8,41964450,-1.3000000000000114,5.099999999999966,316.8157142857143,306.98733333333337,52.979797979798
2025-03-13,316.37,318.39,320.5,312.5,78552090,-2.019999999999982,8.0,316.81142857142856,308.2146666666667,49.262536873156314
2025-03-14,320.51,316.0,321.1,314.12,51762530,4.139999999999986,6.980000000000018,317.80428571428575,309.65166666666664,63.514578408195405
2025-03-15,320.74,320.69,321.3,319.82,1455280,0.2300000000000182,1.4800000000000182,318.59857142857146,310.9136666666667,69.38601478112565
2025-03-16,323.44,320.52,323.5,320.52,5680630,2.6999999999999886,2.980000000000018,319.53000000000003,312.1233333333333,69.53323903818955
2025-03-17,326.02,323.44,326.97,322.62,58701560,2.579999999999984,4.350000000000023,320.7371428571428,313.46366666666665,71.24165554072096
2025-03-18,324.06,326.2,329.77,323.82,72947120,-1.9599999999999795,5.949999999999989,321.3614285714286,314.60099999999994,72.61839956450743
2025-03-19,325.3,324.5,326.88,322.3,39800890,1.240000000000009,4.579999999999984,322.34857142857146,315.64233333333334,77.46947835738078
2025-03-20,324.05,325.41,326.0,321.8,42356790,-1.25,4.199999999999989,323.44571428571425,315.9773333333333,64.49412656309218
2025-03-21,323.26,323.8,326.08,322.15,28707780,-0.7900000000000205,3.930000000000007,323.8385714285714,316.416,69.92604765817583
2025-03-24,319.47,323.26,323.94,318.51,33041960,-3.7899999999999636,5.430000000000007,323.65714285714284,316.736,58.09128630705399
2025-03-25,319.8,320.0,322.2,314.65,48328480,0.3299999999999841,7.550000000000011,323.13714285714286,316.74600000000004,55.737051792828694
2025-03-26,315.23,319.9,320.88,315.01,20580040,-4.569999999999993,5.8700000000000045,321.5957142857143,316.822,45.96829772570644
2025-03-27,311.96,315.51,317.16,311.95,36146350,-3.2700000000000387,5.210000000000036,319.8671428571429,316.6903333333333,37.189260855154075
2025-03-28,308.04,311.96,313.65,305.65,51876870,-3.919999999999959,8.0,317.40142857142854,316.4566666666667,34.21774931381519
2025-03-29,303.89,307.8,308.3,302.64,5739820,-4.150000000000034,5.660000000000025,314.5214285714286,316.095,32.13058419243981
2025-03-30,299.22,303.2,305.3,298.8,9158830,-4.669999999999959,6.5,311.08714285714285,315.5346666666667,19.971791255289133
2025-03-31,309.72,300.0,310.88,300.0,48565800,10.5,10.879999999999995,309.69428571428574,315.293,37.94838145231845
2025-04-01,303.24,310.5,312.9,302.7,46088340,-6.480000000000018,10.199999999999989,307.3285714285715,315.0603333333333,29.595959595959584
2025-04-02,306.11,303.23,306.5,301.21,40207020,2.8700000000000045,5.2900000000000205,306.02571428571434,315.02733333333333,30.006025306286432
2025-04-03,302.09,306.21,309.2,296.0,52408560,-4.020000000000039,13.199999999999989,304.61571428571426,314.776,28.813886210221767
2025-04-04,285.35,303.55,304.37,284.4,88719200,-16.739999999999952,19.970000000000027,301.3742857142857,313.9506666666667,20.34149962880474
2025-04-05,284.98,285.25,287.03,280.11,14100160,-0.37000000000000455,6.919999999999959,298.67285714285714,313.20200000000006,20.61080186550322
2025-04-06,290.35,285.35,290.47,284.22,8755880,5.3700000000000045,6.25,297.4057142857143,312.69700000000006,26.84025334271641
2025-04-07,287.56,285.3,294.0,275.76,125244840,-2.7900000000000205,18.24000000000001,294.24000000000007,311.73566666666665,27.223411848679504
2025-04-08,282.03,290.0,294.66,281.5,65532930,-5.53000000000003,13.160000000000025,291.21,310.6846666666667,24.903654485049827
2025-04-09,293.4,280.91,294.48,276.33,109378190,11.370000000000005,18.150000000000034,289.39428571428573,309.95866666666666,36.697135892748314
2025-04-10,292.21,294.09,296.75,291.55,49360530,-1.1899999999999977,5.199999999999989,287.98285714285714,309.135,37.65161935725898
2025-04-11,299.81,293.0,300.48,292.8,50418210,7.600000000000023,7.680000000000007,290.0485714285714,308.543,45.08069336521219
2025-04-12,300.95,300.18,301.8,300.03,4615240,1.1399999999999864,1.7700000000000387,292.33,307.9183333333333,48.17708333333333
2025-04-13,301.49,300.88,301.99,300.01,4079210,0.5400000000000205,1.9800000000000182,293.9214285714285,307.35499999999996,51.48346621356685
2025-04-14,296.5,301.49,302.4,295.13,34768950,-4.990000000000009,7.269999999999982,295.1985714285714,306.69266666666664,40.69014084507042
2025-04-15,297.99,296.51,300.45,295.6,24258710,1.490000000000009,4.849999999999966,297.4785714285714,305.942,46.023329798515384
2025-04-16,300.8,298.0,303.3,296.06,30103500,2.8100000000000023,7.240000000000009,298.5357142857143,305.27733333333333,45.97422289613344
2025-04-17,304.8,300.89,305.07,300.41,37579800,4.0,4.659999999999968,300.3342857142857,304.656,52.05521007128775
2025-04-18,300.01,302.7,303.85,296.25,46147920,-4.7900000000000205,7.600000000000023,300.36285714285714,303.789,63.579103371619055
2025-04-21,308.12,302.67,308.7,301.76,51260130,8.110000000000014,6.939999999999998,301.38714285714286,303.2576666666667,68.74594944912502
2025-04-22,312.25,308.5,315.0,306.55,64482010,4.1299999999999955,8.449999999999989,302.9242857142857,302.8226666666667,68.10515873015868
2025-04-23,310.0,313.0,314.98,305.55,58851190,-2.25,9.430000000000007,304.8528571428571,302.3543333333334,68.71871871871868
2025-04-24,310.16,310.77,312.8,309.09,24120000,0.160000000000025,3.7100000000000364,306.59142857142854,301.91766666666666,75.77423492761591
2025-04-25,316.69,310.85,317.87,310.71,51763570,6.529999999999973,7.160000000000025,308.8614285714286,301.825,73.41644882364768
2025-04-26,317.58,318.42,320.26,317.0,9511000,0.8899999999999864,3.259999999999991,310.6871428571429,301.751,75.66255310540156
2025-04-27,318.18,318.2,318.97,317.39,2238080,0.6000000000000227,1.580000000000041,313.28285714285715,301.84933333333333,71.64741927881214
2025-04-28,314.23,318.36,320.0,313.52,52315790,-3.9499999999999886,6.480000000000018,314.1557142857143,301.92500000000007,64.67727674624228
2025-04-29,309.41,314.99,315.45,308.1,30249990,-4.819999999999993,7.349999999999966,313.75,301.9706666666667,57.99676898222941
2025-04-30,307.8,309.28,309.95,303.12,41266290,-1.6100000000000136,6.829999999999984,313.4357142857143,302.101,62.2453402687473
2025-05-02,299.96,307.8,307.8,299.7,19751770,-7.840000000000032,8.100000000000023,311.97857142857146,302.1256666666667,51.876547913888324
2025-05-03,300.7,299.9,302.24,299.52,2942530,0.7400000000000091,2.7200000000000273,309.69428571428574,301.825,49.90083300277665
2025-05-04,301.8,300.7,302.78,300.02,2867700,1.1000000000000227,2.759999999999991,307.44,301.77700000000004,46.84343434343435
2025-05-05,294.64,301.8,302.59,291.66,45508060,-7.160000000000025,10.92999999999995,304.07714285714286,301.3946666666667,44.61815995189418
2025-05-06,302.02,294.65,304.75,292.05,49327640,7.3799999999999955,12.699999999999989,302.3328571428571,301.39233333333334,43.79576891781935
2025-05-07,302.79,302.5,304.24,300.56,29667370,0.7700000000000387,3.680000000000007,301.38714285714286,301.97366666666665,39.672489082969484
2025-05-08,302.15,302.9,306.0,300.61,20811410,-0.6400000000000432,5.389999999999986,300.58,302.546,41.117899977370456
2025-05-10,302.38,303.53,304.0,301.7,2084470,0.2300000000000182,2.3000000000000114,300.92571428571426,302.947,41.211025756891104
2025-05-11,305.48,305.85,307.64,304.55,8172680,3.1000000000000227,3.089999999999975,301.6085714285714,303.5443333333333,36.27234876316443
2025-05-12,310.81,307.53,311.49,307.26,34702020,5.329999999999984,4.230000000000018,302.8957142857143,304.5036666666666,42.522641926220516
2025-05-13,311.24,310.8,312.5,309.61,24762720,0.4300000000000068,2.8899999999999864,305.26714285714286,305.0983333333333,42.30598669623063
2025-05-14,304.21,311.5,313.71,304.04,27152010,-7.03000000000003,9.669999999999959,305.58,305.49833333333333,39.60149439601496
2025-05-15,304.72,304.2,307.77,300.49,47487250,0.5100000000000477,7.279999999999973,305.85571428571427,305.662,44.65466149988606
2025-05-16,306.34,304.7,308.88,296.56,63956680,1.6199999999999477,12.319999999999993,306.45428571428573,305.84166666666664,48.33637192342749
2025-05-17,308.89,306.34,309.48,306.01,4795590,2.5500000000000114,3.4700000000000273,307.38428571428574,306.0883333333333,61.57035501425234
2025-05-18,311.15,309.67,311.86,309.3,5402510,2.259999999999991,2.5600000000000023,308.1942857142857,306.5766666666667,63.02667663924201
2025-05-19,308.33,311.5,313.0,306.34,44498890,-2.819999999999993,6.660000000000025,307.84000000000003,306.9213333333334,57.80540282094184
2025-05-20,306.16,308.88,309.55,304.7,19810690,-2.169999999999959,4.850000000000023,307.11428571428576,307.1,65.63517915309447
2025-05-21,303.98,306.17,307.56,302.89,20456330,-2.180000000000007,4.670000000000016,307.08142857142855,307.0726666666667,53.09734513274341
2025-05-22,302.66,304.5,305.6,299.17,35013910,-1.3199999999999932,6.430000000000007,306.78714285714284,307.161,49.79807393600497
2025-05-23,302.22,302.66,305.0,301.33,17175890,-0.4399999999999977,3.670000000000016,306.1985714285714,306.9643333333333,50.10940919037206
2025-05-26,297.77,302.22,302.49,295.5,34631470,-4.4500000000000455,6.990000000000009,304.61,306.4816666666666,43.6343551505109
2025-05-27,298.7,297.73,299.9,293.08,25760040,0.9300000000000068,6.819999999999993,302.8314285714286,306.10499999999996,40.0411280846063
2025-05-28,308.47,299.0,308.82,299.0,48001460,9.770000000000039,9.819999999999993,302.8514285714286,306.04866666666663,46.959459459459495
2025-05-29,306.65,308.61,309.95,305.66,24049740,-1.82000000000005,4.289999999999964,302.9214285714285,305.714,44.24379232505641
2025-05-30,309.3,306.27,310.29,305.01,21916240,2.650000000000034,5.28000000000003,303.68142857142857,305.43800000000005,57.17103409411104
2025-05-31,308.74,309.31,309.84,308.31,1459500,-0.5600000000000023,1.5299999999999727,304.55,305.12333333333333,55.655599324704525
2025-06-01,303.14,308.69,308.69,300.51,11904960,-5.600000000000023,8.180000000000007,304.68142857142857,304.7536666666666,45.95141700404861
2025-06-02,309.63,302.6,311.99,302.0,41216150,6.490000000000009,9.990000000000009,306.3757142857143,304.761,50.851357570179495
2025-06-03,313.55,309.7,314.88,309.39,34937680,3.920000000000016,5.490000000000009,308.4971428571429,304.9526666666667,52.65957446808513
2025-06-04,313.23,314.0,318.29,311.17,53786160,-0.3199999999999932,7.1200000000000045,309.1771428571428,305.3949999999999,55.74847489441578
2025-06-05,317.96,313.55,318.59,313.53,28359290,4.729999999999961,5.060000000000002,310.79285714285714,305.9703333333334,63.058875608676296
2025-06-06,313.13,318.35,325.43,312.52,102022760,-4.829999999999984,12.910000000000025,311.34000000000003,306.348,59.56512648965079
2025-06-07,314.65,314.0,314.95,313.72,2022260,1.5199999999999818,1.2299999999999613,312.1842857142857,307.015,62.481782219446096
2025-06-08,314.35,314.66,314.88,313.61,1618500,-0.2999999999999545,1.2699999999999818,313.7857142857143,307.426,62.66443934015449
2025-06-09,311.17,314.69,315.51,310.0,30113360,-3.180000000000007,5.509999999999991,314.0057142857143,307.70533333333333,64.3715143715144
2025-06-10,308.68,311.21,313.3,307.55,27818280,-2.490000000000009,5.75,313.31,307.923,60.35699460356995
2025-06-11,312.0,309.53,313.6,308.03,26275440,3.319999999999993,5.57000000000005,313.13428571428574,308.2436666666666,54.22957105200093
2025-06-13,310.2,313.28,313.39,309.53,13424610,-1.8000000000000114,3.8600000000000136,312.02571428571434,308.401,54.25557420282907
2025-06-14,310.29,310.21,311.17,309.55,1445960,0.09000000000003183,1.6200000000000045,311.62,308.38366666666667,51.264367816091976
2025-06-15,310.09,310.97,311.4,309.74,1949530,-0.20000000000004547,1.6599999999999682,310.96857142857147,308.3453333333334,51.740139211136835
2025-06-16,311.5,310.2,314.37,309.81,21327040,1.410000000000025,4.560000000000002,310.56142857142856,308.5883333333333,62.08092485549134
2025-06-17,313.56,311.61,314.93,310.5,23302090,2.0600000000000023,4.430000000000007,310.9028571428571,308.883,56.51309247596951
2025-06-18,313.38,313.56,314.82,311.63,17607700,-0.18000000000000682,3.1899999999999977,311.57428571428574,309.1176666666667,49.67839576239118
2025-06-19,312.46,313.41,316.45,312.14,30310650,-0.9200000000000159,4.310000000000002,311.64,309.2366666666667,48.57565667776537
2025-06-20,309.7,312.46,313.59,309.3,22045200,-2.759999999999991,4.289999999999964,311.56857142857143,309.18833333333333,33.519553072625754
2025-06-23,310.17,310.9,311.44,308.04,15950290,0.4700000000000273,3.3999999999999773,311.5514285714286,309.24966666666666,42.8502415458938
2025-06-24,311.37,310.3,312.02,309.0,18994470,1.1999999999999886,3.019999999999982,311.7342857142857,309.4233333333333,41.95289499509333
2025-06-25,313.78,311.65,314.29,311.57,20230110,2.409999999999968,2.7200000000000273,312.06,309.75,48.73277012005326
2025-06-26,312.84,313.8,314.5,312.74,12976890,-0.9399999999999977,1.759999999999991,311.95714285714286,310.08933333333334,54.123456790123335
2025-06-27,315.18,313.03,315.5,313.0,19035650,2.340000000000032,2.5,312.2142857142857,310.52133333333336,66.1691542288556
2025-06-28,315.31,315.2,315.67,315.11,890790,0.12999999999999545,0.5600000000000023,312.62142857142857,311.106,59.78710821998809
2025-06-29,315.95,315.32,317.5,315.31,2641730,0.6399999999999864,2.1899999999999977,313.5142857142857,311.681,68.25396825396813
2025-06-30,316.15,315.95,317.7,314.6,26600320,0.19999999999998863,3.099999999999966,314.36857142857144,311.937,68.47414880201744
2025-07-01,318.42,316.69,319.6,316.3,21887840,2.2700000000000387,3.3000000000000114,315.3757142857143,312.32933333333335,73.22922476296712
2025-07-02,319.43,318.96,319.85,317.41,20701250,1.009999999999991,2.4399999999999977,316.18285714285713,312.66700000000003,72.61836851112376
2025-07-03,319.17,319.53,321.5,318.74,20286790,-0.2599999999999909,2.759999999999991,317.08714285714285,313.0146666666667,67.83216783216784
2025-07-04,319.44,318.85,321.41,317.5,17811390,0.2699999999999818,3.910000000000025,317.69571428571425,313.558,69.15297092288245
2025-07-05,319.55,319.5,320.6,319.5,671870,0.11000000000001364,1.1000000000000227,318.3014285714286,313.88866666666667,73.6175882744838
2025-07-06,319.37,319.65,319.7,319.29,416040,-0.18000000000000682,0.40999999999996817,318.79,314.0826666666666,88.89782783588097
2025-07-07,313.5,319.38,319.94,312.82,29913000,-5.8700000000000045,7.1200000000000045,318.4114285714286,314.09166666666664,59.3381940549635
2025-07-08,309.71,313.34,315.31,309.6,25532140,-3.7900000000000205,5.7099999999999795,317.1671428571429,313.81666666666666,45.9353574926542
2025-07-09,310.09,310.01,312.3,307.6,29871070,0.37999999999999545,4.699999999999989,315.8328571428571,313.7153333333334,39.96737357259383
2025-07-10,314.01,310.77,315.07,310.5,23711960,3.920000000000016,4.569999999999993,315.0957142857143,313.6940000000001,52.73748245203559
2025-07-11,309.88,314.5,317.88,308.85,39276450,-4.1299999999999955,9.029999999999973,313.72999999999996,313.545,38.557858376511206
2025-07-12,310.2,310.0,311.0,310.0,873720,0.3199999999999932,1.0,312.3942857142857,313.5126666666667,39.05781584582439
2025-07-13,309.44,310.5,310.91,308.8,1066040,-0.7599999999999909,2.1100000000000136,310.9757142857143,313.53799999999995,36.13123135918196
2025-07-14,317.97,308.96,318.85,304.38,59042270,8.53000000000003,14.470000000000027,311.61428571428576,313.737,52.861635220125855
2025-07-15,319.99,318.16,320.43,316.6,40470270,2.019999999999982,3.829999999999984,313.0828571428571,314.06333333333333,52.48811410459587
2025-07-16,321.58,320.0,322.0,319.54,36861670,1.589999999999975,2.4599999999999795,314.7242857142857,314.4396666666667,53.345782757547425
2025-07-17,327.05,321.26,329.23,321.19,91182020,5.470000000000027,8.04000000000002,316.58714285714285,315.005,60.5516871987145
2025-07-18,309.0,300.45,309.4,300.25,115982520,-18.05000000000001,9.149999999999977,316.4614285714286,314.9216666666667,40.52975326560234
2025-07-19,312.42,309.69,313.91,309.59,9029970,3.420000000000016,4.32000000000005,316.77857142857147,314.88366666666667,43.898682183809704
2025-07-20,312.58,313.49,313.78,312.05,4921320,0.15999999999996817,1.7299999999999613,317.2271428571429,314.85699999999997,44.18763910289333
2025-07-21,310.4,312.99,314.56,309.31,44824260,-2.180000000000007,5.25,316.1457142857143,314.7883333333333,47.1673976608187
2025-07-22,310.67,310.65,311.72,308.55,26942000,0.27000000000003865,3.170000000000016,314.8142857142857,314.8206666666666,50.93750000000003
2025-07-23,313.08,311.0,314.49,310.78,37399400,2.409999999999968,3.7100000000000364,313.6,314.9176666666666,52.80856659778322
2025-07-24,310.83,313.09,313.99,309.75,27841890,-2.25,4.240000000000009,311.28285714285715,314.89966666666663,46.91621411947246
2025-07-25,308.93,310.86,311.76,306.0,50866870,-1.8999999999999773,5.759999999999991,311.2728571428571,314.738,49.037097101155496
2025-07-26,308.91,309.35,309.95,308.86,1339260,-0.01999999999998181,1.089999999999975,310.77142857142854,314.60699999999997,48.684478890475255
2025-07-27,308.83,308.86,309.15,308.12,1768030,-0.08000000000004093,1.0299999999999727,310.2357142857143,314.39533333333327,49.3691830403309
2025-07-28,303.97,309.44,309.45,303.54,38627240,-4.859999999999957,5.909999999999968,309.31714285714287,314.01733333333334,34.333034914950744
2025-07-29,305.26,304.77,308.26,303.05,30696940,1.2899999999999636,5.2099999999999795,308.5442857142857,313.661,33.24232081911259
2025-07-30,303.3,305.58,306.2,303.2,14499120,-1.9599999999999795,3.0,307.1471428571429,313.23266666666666,29.37725631768953
2025-07-31,304.95,303.9,305.79,302.81,19884770,1.6499999999999773,2.980000000000018,306.3071428571429,312.78366666666665,22.71604938271595
2025-08-01,304.22,305.41,307.5,302.89,25320049,-0.7299999999999613,4.610000000000014,305.63428571428574,312.27666666666664,39.689387402933555
2025-08-04,307.95,305.3,308.12,304.5,28420639,3.7299999999999613,3.6200000000000045,305.4971428571429,311.9026666666667,40.48531289910586
2025-08-05,307.38,307.97,308.67,305.25,21497509,-0.5699999999999932,3.420000000000016,305.29,311.5006666666667,39.12133891213382
2025-08-06,310.22,307.4,312.96,303.33,59949361,2.840000000000032,9.629999999999995,306.1828571428572,311.1896666666666,49.63355048859945
2025-08-07,313.43,310.22,316.5,308.76,72089666,3.2099999999999795,7.740000000000009,307.35,310.9916666666667,55.018181818181844
2025-08-08,317.97,314.68,317.98,312.6,34959877,4.5400000000000205,5.3799999999999955,309.44571428571425,311.14066666666673,58.25177185285196
2025-08-11,317.82,321.72,322.9,317.05,42436965,-0.1500000000000341,5.849999999999966,311.2842857142858,311.411,62.69524155466772
2025-08-12,318.0,318.17,318.99,316.6,18765577,0.18000000000000682,2.3899999999999864,313.2528571428571,311.67466666666667,67.57070902750878
2025-08-13,317.51,318.0,319.7,317.05,21127896,-0.4900000000000091,2.6499999999999773,314.61857142857144,311.79133333333334,66.36225266362251
2025-08-14,318.73,317.6,319.2,314.81,26459276,1.2200000000000273,4.389999999999986,316.23999999999995,312.08633333333336,68.05251641137869
2025-08-15,319.4,318.9,320.5,318.45,26071682,0.6699999999999591,2.0500000000000114,317.5514285714286,312.393,83.21136461472237
2025-08-16,315.17,316.86,316.88,310.03,10296497,-4.229999999999961,6.850000000000023,317.8,312.584,68.9338937714942
2025-08-17,314.97,315.5,315.8,314.8,1902692,-0.19999999999998863,1.0,317.37142857142857,312.484,73.90413764850483
2025-08-18,318.38,315.01,319.89,314.3,35044641,3.409999999999968,5.589999999999975,317.45142857142855,312.43033333333335,75.65915170042044
2025-08-19,316.5,318.98,319.73,316.29,21879576,-1.8799999999999955,3.4399999999999977,317.2371428571428,312.261,72.47437774524158
2025-08-20,314.17,316.53,317.51,313.02,18653270,-2.329999999999984,4.490000000000009,316.76000000000005,311.8316666666667,61.99845679012353
2025-08-21,309.98,314.17,315.1,309.28,30815394,-4.189999999999998,5.82000000000005,315.51000000000005,311.8643333333333,54.400812457684545
2025-08-22,312.05,310.11,312.49,309.75,15495808,2.069999999999993,2.740000000000009,314.46000000000004,311.85200000000003,53.180396246089664
2025-08-23,312.3,312.11,312.5,311.55,567839,0.25,0.9499999999999886,314.05,311.8426666666667,47.81092599767533
2025-08-24,311.84,312.3,312.45,311.5,730827,-0.4600000000000364,0.9499999999999886,313.6028571428571,311.89066666666673,35.895075931891256
2025-08-25,311.42,311.84,312.3,308.75,15298883,-0.4199999999999591,3.5500000000000114,312.60857142857145,311.9156666666667,35.45454545454544
2025-08-26,311.79,311.11,314.0,310.5,11297232,0.37000000000000455,3.5,311.9357142857143,311.8726666666667,36.00721045515996
2025-08-27,312.78,312.0,313.78,311.06,11692831,0.9899999999999523,2.7199999999999704,311.7371428571428,311.9376666666667,39.576906126046595
2025-08-28,310.82,313.03,314.5,310.12,20309447,-1.9599999999999795,4.3799999999999955,311.85714285714283,312.0006666666667,33.11993171148079
2025-08-29,310.04,311.18,311.82,308.95,14855695,-0.7799999999999727,2.8700000000000045,311.57000000000005,312.03833333333336,30.118946474086584
2025-08-30,309.92,309.99,310.54,309.71,780762,-0.12000000000000455,0.8300000000000409,311.22999999999996,312.0746666666667,36.48996397323715
